term,tags
AGC,数据处理
AGC增益,资料品质
AGC显示,数据处理
ARCGIS联动设计,技术对策
BOOMBOX-III,接收设备;激发参数
CDP,数据处理
CDP线,数据处理
CDP网格,观测系统
CDP道集,数据处理
CGG地震数据处理系统,数据处理
CMP道集,数据处理
COG文件,数据处理;测量定位
COG误差,测量定位;激发参数
CPT静力触探,表层调查
CSP记录格式,接收设备;表层调查
Crossline,观测系统
C级网点,测量定位
DEM高程,工区情况
DMO速度偏移,数据处理
DSU-I数字检波器,接收设备
EPBP,施工组织;质量控制
EPBP录入,施工组织;质量控制
ESQC,数据处理;质量控制
ESQC实时监控,质量控制
GM联动设计,技术对策
GNSS,测量定位
GNSSRTK,测量定位
GNSS动态差分,测量定位
GNSS接收机,接收设备;测量定位
GNSS控制测量报告,测量定位;资料品质
GNSS控制点,测量定位
GNSS控制网,测量定位
GNSS控制网点,测量定位
GNSS测量,测量定位
GNSS点之记,测量定位
GNSS静态观测,测量定位
GNSS静态观测记录,测量定位
GPS,测量定位
GPSRTK,测量定位
GPS动态测量,测量定位
GPS控制网,测量定位
GPS放炮时间,数据处理
GPS测量,测量定位
GPS测量规范,测量定位
GPS网,测量定位
HSE,施工组织
HSE作业指导书,施工组织
HSE作业计划书,施工组织
HSE培训,施工组织
HSE教育,施工组织
HSE检查,施工组织
HSE检查表,施工组织
HSE法律法规,施工组织
HSE现场检查细则,施工组织;质量控制
HSE目标管理,施工组织
HSE管理,施工组织
HSE管理体系,施工组织
HSE观察卡,施工组织
HSE责任制,施工组织
HSSE,施工组织
HSSE教育,施工组织
HSSE检查,施工组织
HSSE检查与整改,施工组织
HSSE目标管理,施工组织
HSSE管理,施工组织
HSSE责任制,施工组织
I+II类剖面,质量控制;资料品质
INodal节点仪,接收设备
Inline,观测系统
I类剖面,质量控制;资料品质
KLSeis,数据处理;表层调查
KLseisⅡ,数据处理
KLseisⅡ质量监控,数据处理;质量控制
KLⅡ,数据处理;质量控制
Klseis分析软件,数据处理
Mh,测量定位;质量控制
Ms,测量定位;质量控制
Mx,测量定位;质量控制
My,测量定位;质量控制
NEE向断裂,地质任务
NE向褶皱,地质任务
NMO动校正,数据处理
NNE向构造,地质任务
NW向构造,地质任务
Omega,数据处理;资料品质
Omega信噪比分析,数据处理;资料品质
Omega软件,数据处理
Omega频谱分析,数据处理;资料品质
PC集群,数据处理
PPK测量,测量定位
QC人员,质量控制
QC软件,质量控制
QHSE专职巡检,质量控制
QHSE管理体系,质量控制
Q值调查,表层调查
Q值调查点,表层调查
RTD测量,测量定位
RTK,测量定位
RTK值,测量定位
RTK实时差分,测量定位
RTK放样,测量定位
RTK放样点,测量定位
RTK施工,测量定位
RTK测量,测量定位
RTK测量复测较差,测量定位;质量控制
RTK观测,测量定位
Reland,数据处理;质量控制
Ro值,地质任务
SEG-D,接收设备;数据处理
SEG-D记录格式,接收设备
SEG-Y,接收设备
SPS,接收设备;数据处理;测量定位
SPS制作软件,数据处理
SPS排列,质量控制
SPS排列桩号,质量控制
SPS数据,数据处理;测量定位
SPS文件,接收设备;数据处理;测量定位
SPS格式,接收设备;数据处理
SeisAQC,数据处理;质量控制
SeisWay,数据处理;资料品质
SeisWay定量分析,数据处理;资料品质
SeisWay软件,数据处理
SmartSolo节点仪,接收设备
StrydeNode节点,接收设备
TBC,数据处理;测量定位
TBC软件,测量定位
TB延时测试,质量控制
TB时钟,质量控制
TDL中继站,接收设备;测量定位
TGO,数据处理;测量定位
TGO软件,测量定位
TOC,地质任务
To波,资料品质
TrimbleBusinessCenter,数据处理;测量定位
TrimbleBussinssCenter,测量定位
VAPS,激发参数;质量控制
aps文件,数据处理
cog文件,数据处理
eSQC-PRO,接收设备;质量控制
inline1133,资料品质
inline1366,资料品质
inline1798,资料品质
inline989,资料品质
inline剖面,数据处理;资料品质
mini24浅层地震仪,接收设备
miniseis24,接收设备
miniseis24浅层折射仪,表层调查
seg-d文件,数据处理
vaps文件,数据处理
τ值统计,激发参数
一升一降三确保,技术对策;质量控制
一字作业法,施工组织
一次三维,观测系统
一次覆盖边界,观测系统
一次覆盖边界拐点,测量定位;观测系统
一次覆盖面积,观测系统
一次闷井,激发参数;质量控制
一级品,质量控制;资料品质
一级品率,质量控制;资料品质
一致性处理,数据处理
一贯道,质量控制
一间房组,地质任务
一闷二闷,激发参数;质量控制
七参数,测量定位
七年首部署,工区情况
七想七不干,施工组织
万县复向斜,地质任务
三不一目标一优势,技术对策;数据处理
三井组合,激发参数
三人钻,施工组织
三关三测,施工组织
三动态技术理念,质量控制
三参数,测量定位
三叠系,地质任务
三叠系灰岩,地质任务
三垛组,地质任务;工区情况
三层结构,表层调查
三级站,施工组织
三级营地,施工组织
三维地震,观测系统
三维地震勘探,地质任务;观测系统
三维拼接,数据处理
三维无约束平差,测量定位
三维约束平差,测量定位
三阳河,工区情况
三马钻,施工组织
上奥陶统,地质任务
上石炭统,地质任务
上石炭统小海子组,地质任务
上石盒子组,地质任务
下传能量,技术难点;资料品质
下寒武统,地质任务
下寒武统玉尔吐斯组,地质任务
下志留统,地质任务
下水器,接收设备
下石盒子组,地质任务
下药台账,质量控制
下药深度,激发参数;质量控制
不整合面,地质任务;资料品质
不正常道,接收设备;质量控制;资料品质
专人解释验证,表层调查;质量控制
专兼职复埋员,接收设备;施工组织
专兼职线监,接收设备;施工组织
专用埋置工具,接收设备
专职二次闷井,激发参数
专职二次闷井组,施工组织;激发参数
专职护卫队,施工组织
专项管控方案,质量控制
东吴运动,地质任务
东山盖,工区情况
丢炮率,质量控制
两层结构,表层调查
两工区相邻对比,试验设计;资料品质
两级评价,质量控制
中12CX井,地质任务
中13井,地质任务
中21井,地质任务
中21井区,地质任务;工区情况
中21井区三维,地质任务;工区情况
中2区块,地质任务;工区情况
中下奥陶统,地质任务
中下奥陶统碳酸盐岩,地质任务
中型沙漠区,工区情况
中央子午线117,测量定位
中央子午线经度,测量定位
中寒武统,地质任务
中寒武统阿瓦塔格组,地质任务
中心站法,测量定位
中新统,地质任务
中暑控制措施,施工组织
中期质量检查会议纪要,质量控制
中期验收,施工组织;质量控制
中标,施工组织
中浅层,资料品质
中深层,资料品质
中深层地震地质条件,地质任务
中生界,地质任务
中石化勘探南方分公司,施工组织
中石化地球物理公司,施工组织
中石化石油工程地球物理有限公司,施工组织
中石化西北油田分公司,施工组织
中等沙丘部位,试验设计
中继站,接收设备;施工组织;测量定位
中间放炮,观测系统
中间激发,观测系统
串珠反射,地质任务
临时药库,施工组织
临湘组,地质任务
主干二级断裂,地质任务
主要目的层,地质任务
主采煤层,地质任务
主频,资料品质
主频分析,数据处理;资料品质
主频带,资料品质
主频高,资料品质
事前跟踪,质量控制
事后回访,质量控制
二1煤,地质任务
二叠系,地质任务
二叠系灰岩,地质任务
二次三维,观测系统
二次放样,测量定位;质量控制
二次方法论证,试验设计
二次闷井,激发参数;质量控制
二级品,质量控制;资料品质
二级品率,资料品质
二级站,施工组织
二级营地,施工组织
二维地震,观测系统
五就五避,施工组织;测量定位
五峰-龙马溪组,地质任务
五峰组,地质任务
五峰组-龙马溪组,地质任务
五步法,接收设备;质量控制
五烈镇,工区情况
五维一体护井,施工组织
五避五就,测量定位;激发参数
井下检波器,接收设备;表层调查
井下药包,激发参数
井下雷管激发,表层调查
井中接收,表层调查
井中检波器,接收设备;表层调查
井中检波器耦合,接收设备
井中激发,激发参数;表层调查
井位偏移,测量定位;激发参数
井位部署,地质任务
井口τ值,激发参数
井口偏移距离,测量定位
井口复测,测量定位;质量控制
井口线,施工组织;激发参数
井场,工区情况;技术难点
井场干扰,技术难点
井底道,表层调查;资料品质
井斜,激发参数;质量控制
井检距,表层调查
井深,激发参数;试验设计
井深与药量对比试验,激发参数;试验设计
井深与药量试验,技术对策;试验设计
井深严格按设计执行,激发参数;质量控制
井深分段设计,激发参数
井深分类设计,激发参数
井深对比试验,试验设计
井深统计,激发参数
井深考核,试验设计
井深药量对比,激发参数;试验设计
井深药量对比试验,技术对策;试验设计
井深设计,激发参数;表层调查;试验设计;质量控制
井深试验,激发参数;试验设计
井深逐区段设计,激发参数
井深逐点设计,激发参数
井深验证,试验设计
井炮,激发参数
井炮激发,激发参数
井炮震源联合,技术对策;激发参数
井监,施工组织;激发参数
井监人员,施工组织;激发参数
井震对比试验,试验设计
井震标定,数据处理
井震资料精细解释,地质任务;数据处理
交互速度谱分析,数据处理
交通安全管理,施工组织
交通干扰,资料品质
人力资源配备,施工组织
人口密集区,技术难点
人员投入,施工组织
人员设备投入,施工组织
人工造缝,地质任务
人文条件,工区情况
人文活动干扰,技术难点
人烟稀少,工区情况
以炮补道,技术对策;观测系统
仪器一致性,接收设备;质量控制
仪器一致性对比,接收设备;质量控制
仪器型号,接收设备
仪器型号388,接收设备
仪器型号408XL,接收设备
仪器型号428XL,接收设备
仪器实时监控,质量控制
仪器对比,接收设备;质量控制
仪器对比检测,接收设备;质量控制
仪器对比点,测量定位;质量控制
仪器对比试验,接收设备;试验设计
仪器工序,施工组织
仪器年检,质量控制
仪器日检,质量控制
仪器月检,质量控制
仪器查线,接收设备;质量控制
仪器检定,接收设备;质量控制
仪器清单,接收设备
仪器生产47天,施工组织
仪器生产天数,施工组织
任务书,施工组织
优势岩性,激发参数;表层调查
优势激发岩性,激发参数;表层调查
优势频带,资料品质
优势频段,资料品质
优化,技术对策
优化观测系统设计,技术对策;观测系统
优选激发参数,技术对策
优选激发因素,技术对策
传染病控制措施,施工组织
低噪采集,质量控制
低山丘陵,工区情况;技术难点
低幅度构造,地质任务;技术难点
低幅构造,地质任务
低序级断裂,地质任务;技术难点
低序级断裂刻画,地质任务;技术对策
低截频率,接收设备
低截频率OUT,接收设备
低截频率试验,激发参数;试验设计
低通效应,技术对策
低速层,表层调查;静校正
低速层厚度,表层调查
低速层速度,表层调查
低速带,技术难点;表层调查
低速带调查,表层调查
低降速层,表层调查
低降速层厚度,表层调查;静校正
低降速带,表层调查;静校正
低降速带厚度,表层调查
低频,资料品质
低频保护,数据处理
低频信号,资料品质
低频信息,激发参数;资料品质
低频地震采集,接收设备;激发参数
低频层,激发参数;表层调查
低频恢复,数据处理
低频数据体,数据处理
低频检波器,接收设备
低频检波器接收,技术对策;接收设备
低频段,资料品质
低频激发试验,试验设计
低频穿透,数据处理;资料品质
低频补偿,数据处理
低频补偿恢复技术,数据处理
低频起震,激发参数
体温监控,施工组织
余井看护,施工组织
余震干扰,质量控制;资料品质
侏罗系,地质任务
侧壁摩擦阻力fs,表层调查
保幅,数据处理
保幅性,资料品质
保幅相对处理,技术对策;数据处理
保真度,资料品质
保闷井,激发参数;质量控制
俞垛镇,工区情况
信号稳定后再记录,质量控制
信噪比,数据处理;资料品质
信噪比分析,数据处理;资料品质
信噪比高,资料品质
信息化巡查,质量控制
倍频扫描,资料品质
偏移孔径,观测系统
偏移设计,技术对策
偏移距,测量定位;观测系统
偏移距评估,数据处理;观测系统
储层薄,技术难点
储层预测,地质任务;数据处理
储集体,地质任务
先导试验,试验设计
先表层后大炮,施工组织
先试验后生产,施工组织
光伏板,工区情况;技术难点
光伏电厂,工区情况;技术难点
克拉索夫斯基椭球,测量定位
克浪软件,数据处理
入岩深度,激发参数
全区废炮率,质量控制
全排列接收,观测系统
全排列桩号拍照,接收设备;质量控制
全排列警戒,施工组织;质量控制
全波形反演,数据处理
全球定位系统GPS测量规范,测量定位
全节点生产,施工组织
全节点采集,接收设备;施工组织
全面清场,施工组织
全频带接收,接收设备
八桥镇,工区情况
公共安全,施工组织
公共安全控制措施,施工组织
公共安全管理,施工组织
六度分带,测量定位
共检波点道集,数据处理;资料品质
关河,工区情况
兴泰镇,工区情况
养殖区,工区情况;技术难点
内业处理,数据处理;质量控制
内业处理员,数据处理;施工组织;质量控制
内业平差,测量定位
内幕反射,资料品质
内部干扰,技术难点
内部模型自动剩余静校正,静校正
农作物,工区情况
农田,工区情况
农田区,工区情况
农田翻耕,技术难点;施工组织
冬季施工,施工组织
冬捕节,工区情况;施工组织
冬防保温,施工组织
冰上凿坑埋置,接收设备
冰田突击队,施工组织
冲沟,工区情况
冻伤控制措施,施工组织
凉高山组,地质任务
出力,激发参数;质量控制
分包商,施工组织
分区包干,施工组织
分时段施工,施工组织
分时段采集协议,技术对策;施工组织
分时窗能量,资料品质
分线束设计,施工组织
分线设计,施工组织;测量定位
分辨率,数据处理;资料品质
分队自评,质量控制
分频处理,数据处理
分频扫描,数据处理;试验设计;资料品质
分频显示,数据处理
分高低频处理,技术对策
切割剧烈,工区情况;技术难点
切除,数据处理
初至,数据处理;静校正
初至上跳,质量控制;静校正
初至下跳,质量控制;静校正
初至折射,数据处理
初至时间,数据处理;静校正
初至波,数据处理;静校正
初至波静校正,静校正
初至清晰,质量控制;静校正
利川复向斜,地质任务
前放增益,接收设备
前震旦系变质岩,地质任务
剖面对比,试验设计;资料品质
剩余静校正,数据处理;静校正
加大激发能量,技术对策
加密排列,技术对策;接收设备
加密控制点,测量定位
加密炮,激发参数;观测系统
加密炮区域,观测系统
加密炮排,激发参数;观测系统
加密炮点,技术对策;测量定位
加密点,测量定位
加速度检波器,接收设备
加里东期,地质任务
动态设计,技术对策;施工组织
动态设计井深,激发参数
动校拉伸,数据处理;观测系统
动校拉伸切除,数据处理
动校正,数据处理
劳保用品,施工组织
劳务工管理,施工组织
劳动保护用品,施工组织
勘探主频段,资料品质
勘探精度高,技术难点
包药员,施工组织
北斜坡内坡,工区情况
区内井场干扰,技术难点
半深水陆棚相,地质任务
华东分公司,施工组织
华东油气分公司,工区情况;施工组织
华庄三维,工区情况
华测HCi86,测量定位
华蓥山断裂,地质任务
单一因素变化,试验设计
单一因素试验,试验设计
单串组合,接收设备
单井微测井,表层调查;静校正
单井激发,激发参数;激发方式
单位负责人,施工组织
单基站网络RTK,测量定位
单支接收,接收设备
单炮一级品率,资料品质
单炮主频,资料品质
单炮信噪比,资料品质
单炮分时窗,资料品质
单炮合成,数据处理
单炮合格率,质量控制;资料品质
单炮品质,资料品质
单炮对比,试验设计;资料品质
单炮波组,资料品质
单炮甲级率,质量控制
单炮考核试验,试验设计
单炮能量,资料品质
单炮记录,质量控制;资料品质
单炮记录能量,质量控制;资料品质
单炮资料,资料品质
单炮资料品质,质量控制;资料品质
单炮顶切检查,数据处理;质量控制
单炮频率扫描,试验设计
单点单支接收,接收设备
单点接收,接收设备;观测系统
单点采集,接收设备;观测系统
单线空炮率,质量控制
南京市计量监督检测院,接收设备;质量控制
南沱组,地质任务
南澄子河,工区情况
卡1三维,地质任务
卡塔克隆起,地质任务;工区情况
卡塔克隆起北部,工区情况
卫星定位控制测量,测量定位
卫星定位控制网,测量定位
卫星截止高度角,测量定位
卫星截止高度角12度,测量定位
卫星星历预报,测量定位
卫星电话,施工组织
卫生防疫,施工组织
印支期,地质任务
印支构造运动,地质任务
危害识别,施工组织
危押员,施工组织
危险品运输车,施工组织
危驾员,施工组织
卸甲镇,工区情况
厂矿,技术难点
压制噪声,技术对策
压制干扰,技术对策;接收设备;数据处理
压电检波器,接收设备
压缩模量Es,表层调查
压裂微地震监测,地质任务
压裂改造,地质任务
原始单炮,数据处理;资料品质
原始单炮记录,数据处理;资料品质
原始记录合格率,质量控制;资料品质
去噪前,资料品质
去噪后,资料品质
参考站,接收设备;测量定位
双井微测井,表层调查;静校正
双井激发,激发参数
双井组合,激发参数
双桥静力触探,表层调查
双频GPS,测量定位
双频卫星定位仪,测量定位
反射信息,资料品质
反射层信息清晰,质量控制;资料品质
反射振幅周期性变化,技术难点
反射时间,资料品质
反射波,资料品质
反射波主频,资料品质
反射波吸收衰减,资料品质
反射波组,地质任务;资料品质
反射波能量,资料品质
反射波能量弱,技术难点;资料品质
反射波能量强,资料品质
反射波连续性,资料品质
反射波静校正,静校正
反射特征,资料品质
反射界面,资料品质
反射界面挠曲,技术难点
反射系数稳定,资料品质
反射能量,资料品质
反恐防范,施工组织
反恐防范工作,施工组织
反滤波器,数据处理
反演检查,数据处理;质量控制
反褶积,数据处理
变电站,工区情况
变观,技术对策;测量定位;观测系统;质量控制
变观施工,质量控制
变观炮点,测量定位;观测系统
变观点,测量定位
变观范围,质量控制
变观补偿加密炮,观测系统
变观设计,技术对策;测量定位
叠前偏移,数据处理
叠前偏移剖面,数据处理;资料品质
叠前净化,数据处理
叠前去噪,数据处理
叠前去噪处理,数据处理
叠前属性,观测系统
叠前属性提取,数据处理
叠前数据规则化,数据处理
叠前时间偏移,数据处理
叠加剖面,数据处理;资料品质
叠加成像,数据处理;资料品质
叠加成像效果,数据处理;资料品质
叠加监控处理,数据处理
叠加速度,数据处理
叠后偏移,数据处理
叠后剖面,数据处理;资料品质
叠后滤波,数据处理
古城三维,工区情况
古河道区,工区情况;表层调查
古潜山,地质任务
古潜山弱反射,资料品质
古生界,地质任务
古近系,地质任务
古隆1井,地质任务
可控震源,激发参数
可控震源宽频高效,激发参数;观测系统
可控震源激发,激发参数
可控震源质控数据,激发参数;质量控制
史家堡,工区情况;地质任务
史家堡-草舍高密度三维,工区情况
各向异性,技术难点
吅字形组合,接收设备
合格率,质量控制;资料品质
合理偏移点位,技术对策
吉迪克组,地质任务
同步分片采集,技术对策;施工组织
同步环,测量定位;质量控制
同步环个数,测量定位
同步环最大闭合差0.059,测量定位;质量控制
同步环最大闭合差0.131,测量定位;质量控制
同步环闭合差,测量定位;质量控制
同步观测时段长,测量定位
同点微测井,表层调查
同相轴,资料品质
同相轴连续,资料品质
同相轴连续性,资料品质
后勤保障,施工组织
含气性,地质任务
含气量,地质任务
含气量解析,地质任务
含气饱和度,地质任务
含水饱和度,地质任务
含砾胶泥,表层调查
启扬高速,工区情况
吴堡断裂带,工区情况
吸收衰减,技术难点;资料品质
周庄镇,工区情况
周效,施工组织
品字形组合,接收设备
品字形面积组合,接收设备
喜山期,地质任务
喜鹊湖,工区情况
嘉陵江组,地质任务
噪声监控,技术难点;质量控制
噪音控制难,技术难点
噪音监控,质量控制
四大工序,质量控制
四层结构,表层调查
四步法,质量控制
四级以上风力,工区情况;技术难点
四级检查,施工组织;质量控制
四级检查制,质量控制
四级质量检查,质量控制
回放检查,质量控制
困难类别,工区情况
固定井深,激发参数
固定增益,数据处理;试验设计;资料品质
固定增益回放,数据处理
固定增益显示,数据处理
固定标志,测量定位
固定解,测量定位
固定误差,测量定位
国防光缆,工区情况
图上设计,施工组织;测量定位
图根点,测量定位
圈闭,地质任务
圈闭线索,地质任务
圈闭综合评价,地质任务;数据处理
地下光缆,工区情况;技术难点
地下暗河,技术难点
地基承载力,表层调查
地层超覆,地质任务;技术难点
地形地貌,工区情况
地方关系复杂,工区情况;技术难点
地理位置,工区情况
地表一致性,数据处理;静校正
地表一致性反褶积,数据处理
地表一致性处理,数据处理;静校正
地表一致性振幅补偿,数据处理
地质任务,地质任务
地震勘探爆炸安全规程,质量控制
地震勘探资料归档保管规范,质量控制
地震地质条件,地质任务
地震地质条件复杂,技术难点
地震地质模型,地质任务
地震攻关试验,试验设计
地震波组特征,地质任务;资料品质
地面激发井中接收,表层调查
地面耦合,接收设备
地面道,表层调查;资料品质
均匀炮检点布设,观测系统
均方根振幅属性,数据处理
均方根速度,数据处理
坐标转换,测量定位
坑道开采,工区情况
垂叠次数,激发参数
垄状沙丘,工区情况
垄状蜂窝状复合沙丘,工区情况
垮井,技术难点
基于地质目标观测系统,技术对策;观测系统
基于地质目标观测系统设计,观测系统
基于面元属性观测系统优选,观测系统
基准控制点,测量定位
基准点,测量定位
基准站,测量定位
基准面,数据处理;静校正
基准面高程,静校正
基地建设,施工组织
基岩内部激发,激发参数
基岩出露,技术难点
基岩出露区,工区情况;技术难点
基岩裸露,工区情况
基底,地质任务
基底反射,资料品质
基线向量,测量定位
基线向量弦长,测量定位
基线总数,测量定位
基线结算,测量定位
基线解算,测量定位
基线边长度,测量定位
基线闭合差,测量定位
塌陷区,工区情况;技术难点
塌陷水塘,工区情况
塔中1号公路,工区情况
塔中Ⅰ号断裂带,地质任务;工区情况
塔中Ⅱ号断裂带,地质任务
塔中北坡,工区情况
塔克拉玛干沙漠,工区情况
塔里木B级网点,测量定位
塔里木盆地,地质任务;工区情况
塘内炮点,技术对策
塘埂布炮,技术对策;施工组织
塘埂炮点,技术对策
塘梗炮点互换,技术对策
声波干扰,资料品质
处理剖面合格率,质量控制
复合型沙丘,工区情况
复测井口,测量定位;质量控制
复测基线,测量定位;质量控制
复测基线较差,测量定位;质量控制
复测检查点,测量定位;质量控制
复测检波器组合中心,测量定位
复测点,测量定位;质量控制
复测点最大较差,测量定位;质量控制
复测率,测量定位;质量控制
复测较差,测量定位;质量控制
夏季作业,技术难点;施工组织
多域分块保幅压噪,数据处理
多属性技术,数据处理
多次折射波,技术难点
多次波,技术难点
大地高,测量定位
大安寨组,地质任务
大排列,观测系统
大炮初至,静校正
大药量试验,激发参数;试验设计
大豆,工区情况
大钻干扰,技术难点
大队项目部评价,质量控制
天宝R10-R12,测量定位
太原组,地质任务
太灰顶界,地质任务
太阳能设备,工区情况
奇偶式观测系统,观测系统
奥灰顶界,地质任务
奥陶系,地质任务
奥陶系内幕,地质任务
奥陶系内幕层间弱反射,地质任务;资料品质
奥陶系内幕弱反射,地质任务;资料品质
奥陶系内幕断裂,地质任务
奥陶系灰岩,地质任务
奥陶系碳酸盐岩储集层,地质任务
奥陶系顶界,地质任务
姜石,工区情况;技术难点
威海中测,接收设备;质量控制
娄山关群,地质任务
子波,资料品质
子波一致性,试验设计;资料品质
孔隙度,地质任务
季节工线监,接收设备;施工组织
季风气候,工区情况
宁镇运动,地质任务
安全井监,施工组织
安全生产零事故,施工组织
安全药量,激发参数
安全距离,激发参数;质量控制
安全隐患大,技术难点
安源运动,地质任务
完成测线长度,施工组织;测量定位
定性分析,质量控制;资料品质
定量分析,质量控制;资料品质
宝塔组,地质任务
实时同步监控,质量控制
实时载波相位差定位,测量定位
实测坐标,测量定位
室内全检,质量控制
室内反演,数据处理;质量控制
室内平差,测量定位
室内监控处理,质量控制
宽方位,观测系统
宽方位观测系统,观测系统
宽方位采集,观测系统
宽线,观测系统
宽线地震勘探,地质任务;观测系统
宽线试验,试验设计
宽频压电检波器,接收设备
宽频高效三维,观测系统
宿南二维,工区情况;地质任务
寄生振荡,技术难点
富气条件,地质任务
寒武系,地质任务
寒武系反射波组,地质任务
对比检测,质量控制
对讲机,接收设备;施工组织
导航放样,测量定位
小三维宽线试验,试验设计
小体积缝洞体,地质任务
小体积缝洞体识别,地质任务;技术对策
小型沙漠区,工区情况
小尺度断层,地质任务
小尺度断层发育,地质任务;技术难点
小折射仪,表层调查
小断层,地质任务;技术难点
小断距断层,地质任务;技术难点
小沙丘部位,试验设计
小海子组,地质任务
小滚动距,观测系统
小纪镇,工区情况
小组合接收,接收设备
小药量,激发参数
小药量试验,试验设计
小药量连片,技术难点;资料品质
小道距高覆盖,技术对策
小面元,技术对策;观测系统
小面元尺寸,观测系统
小面元设计,观测系统
小麦,工区情况
尖灭点,地质任务;技术难点
就近偏移,测量定位
尽职调查,技术对策;施工组织
层析法,静校正
层间多次波,技术难点
居民搬迁,工区情况
屏蔽作用,技术难点;资料品质
属性提取,数据处理
山体中部位,激发参数;试验设计
山体低部位,激发参数;试验设计
山体松散,技术难点;激发参数
山体高部位,激发参数;试验设计
山势特别陡峭,工区情况;技术难点
山地施工,技术难点;施工组织
山地激发,技术难点;激发参数
山西组,地质任务
山顶雾气,工区情况;技术难点
山高谷深,工区情况;技术难点
岩性取芯,表层调查
岩性圈闭,地质任务
岩性录井,激发参数;表层调查
岩浆岩侵入,地质任务
岩溶陷落柱,地质任务;技术难点
岩石滑落,技术难点
川东断褶带,地质任务
工业园区,工区情况
工业油气流,地质任务
工农人员,施工组织
工农关系,工区情况;技术难点;施工组织
工农关系复杂,工区情况;技术难点
工农化技术化,施工组织
工农协停,技术对策;施工组织
工农协调,工区情况;技术难点;施工组织
工农协调难,技术难点
工农矛盾,工区情况;施工组织
工农纠纷,工区情况
工农组,施工组织
工农调查,施工组织
工农预案,施工组织
工农风险,工区情况;技术难点
工前系统检测,质量控制
工区位置,工区情况
工区情况,工区情况
工区概况,工区情况
工区踏勘,工区情况;施工组织
工区面积,工区情况
工厂,工区情况
工序施工,施工组织
工序质量过程控制,质量控制
工程设计,试验设计;资料品质
工程设计批复意见,资料品质
巨厚浮土,工区情况;技术难点
已知控制点,测量定位
已知起算点,测量定位
巷道,工区情况;技术难点
布设控制点数,测量定位
帅垛-唐刘三维,工区情况
帅垛西,工区情况;地质任务
帅垛西高密度三维,工区情况
带点组,施工组织;激发参数
带通滤波,数据处理
常规微测井,表层调查
干扰波,技术难点;资料品质
干扰波参数分析,试验设计
干扰源,工区情况;技术难点
平原,工区情况
平均观测时段数,测量定位
平均钻井井深,激发参数
平差成果,测量定位
平稳正直紧,接收设备;质量控制
平面坐标,测量定位
平面坐标之差,测量定位;质量控制
平面精度,测量定位;质量控制
广西运动,地质任务
应力差值,地质任务
应急演练,施工组织
应急管理,施工组织
应急预案,施工组织
底线逼近,技术对策;施工组织
废品率,资料品质
废哑炮处理,施工组织;质量控制
废炮,质量控制
废炮率,质量控制
康村组,地质任务
开工前对比,质量控制
开工前踏勘,施工组织
开工验收,施工组织;试验设计;质量控制
开机自检,质量控制
异常干扰,技术难点
异常振幅干扰,技术难点
异步环,测量定位;质量控制
异步环个数,测量定位
异步环最大闭合差0.077,测量定位;质量控制
异步环最大闭合差0.135,测量定位;质量控制
异步环闭合差,测量定位;质量控制
张郭镇,工区情况
张集东,工区情况;地质任务
张集东三维,工区情况;地质任务
张集煤矿,工区情况
弱反射信息,资料品质
弱激发介质,技术难点;表层调查
强吸收衰减,资料品质
强能量面波,技术难点;资料品质
归档成果,资料品质
当天数据当天处理,数据处理;质量控制
当天资料当天处理,数据处理;质量控制
彩旗,测量定位
彭水二维Ⅰ期,地质任务
彭水二维Ⅱ期,地质任务
彭水二维Ⅲ期,地质任务
彭水区块,地质任务;工区情况
彭水县,工区情况
彭示1井,地质任务
彭页1井,地质任务
彭页HF1井,地质任务
微幅构造,地质任务;技术难点
微测井,表层调查;静校正
微测井个数,表层调查
微测井岩性录井,表层调查
微测井点,表层调查;试验设计
微测井解释,表层调查
微震干扰,技术难点
志留系,地质任务
志留系反射波组,地质任务
快速通道,施工组织
快速静态测量,测量定位
急救车,施工组织
总体设计,地质任务;施工组织;试验设计;资料品质
总工程师,施工组织
恢复放样,测量定位;观测系统
恢复测量标志,测量定位;质量控制
悬崖,工区情况;技术难点
意外交通事故控制措施,施工组织
懒跳道,质量控制;资料品质
成像效果差,技术难点;资料品质
成孔方式多样,技术难点
成形震源药柱,激发参数
戴南组,地质任务;工区情况
戴南镇,工区情况
扁率1/298.3,测量定位
扇形分布接收,表层调查
打透黄土层,技术对策;激发参数
托甫台,地质任务
扫描方式,激发参数
扫描长度,激发参数
扫描长度试验,激发参数;试验设计
扫描频率,激发参数
扫描频率试验,激发参数;试验设计
技术对策,技术对策
技术设计,施工组织;试验设计
技术负责,施工组织
技术难点,技术难点
折射法,表层调查
折射波干扰,技术难点
折射静校正,静校正
护井方案,施工组织
拉伸率,观测系统
拍照监控,质量控制
拐点,测量定位;观测系统
拐点坐标,测量定位;观测系统
拓宽频带,技术对策;数据处理
拔拽试验,激发参数;试验设计
招投标,施工组织
择静采集,接收设备;质量控制
拾取全部初至,静校正
拾取初至,静校正
持续改进,技术对策
持续改进的原则,技术对策
持证上岗,施工组织
挖坑埋置,接收设备
挖坑埋置检波器,接收设备
振幅处理,数据处理
振幅恢复,数据处理
振幅补偿,数据处理
振幅衰减,资料品质
振幅谱分析,数据处理
排列片宽度,观测系统
排列片滚动,观测系统
排列监督,接收设备;质量控制
排列长度,观测系统
排列附加段,观测系统
探井井位,地质任务
接收点,观测系统
接收点号,观测系统
接收点面积,观测系统
接收线,观测系统
接收线号,观测系统
接收线总长度,观测系统
接收线条数,观测系统
接收线距,观测系统
接收线长度,观测系统
接收道数,观测系统
控制点,测量定位
控制点布设,测量定位
控制点平面精度,测量定位;质量控制
控制网,测量定位
控制网点,测量定位
控制网点精度,测量定位;质量控制
控制网精度,测量定位;质量控制
推便道,施工组织
推土机,接收设备;施工组织
推土机干扰,技术难点
推平台,施工组织
推路,施工组织
推路放样,施工组织;测量定位
提频处理,数据处理
提高信噪比,技术对策;数据处理
提高分辨率,技术对策;数据处理
插炮逼近,技术对策
搬运困难,技术难点;施工组织
摩阻比Rf,表层调查
收工后对比,质量控制
收队验收,施工组织;质量控制
攻关内容,试验设计
攻关区,工区情况
攻关完成情况,质量控制
攻关思路,技术对策;试验设计
攻关措施,技术对策
攻关效果分析,资料品质
攻关试验,试验设计
放样误差,测量定位;质量控制
放样误差统计,测量定位;质量控制
放炮作业,施工组织;激发参数
放线作业,接收设备;施工组织
放线工序,施工组织
散射,技术难点;资料品质
散射干扰,技术难点
散射衰减,技术难点
数字MEMS检波器,接收设备
数字检波器,接收设备
数据切分,数据处理
数据回收率,质量控制
数据处理,数据处理
数据处理技术规程,数据处理;质量控制
数据采样间隔,测量定位
数据采样间隔15秒,测量定位
数据顶切,数据处理
整体平差,测量定位
整道距变观,测量定位
文明施工,技术对策
斜坡地带,工区情况;技术难点
斜坡带,工区情况
断块,地质任务
断层,地质任务
断裂,地质任务
断裂带加密炮,技术对策;观测系统
断距,地质任务
断阶带,工区情况
断面波,地质任务;技术难点;资料品质
新冠病毒防疫,施工组织
新增接收线,观测系统
新增激发线,观测系统
新增炮排,观测系统
新生界,地质任务
新生界厚度,地质任务;工区情况
新生界地层,工区情况
新生界松散层,工区情况
新疆塔里木盆地,工区情况
新疆维吾尔自治区,工区情况
新老剖面对比,数据处理;资料品质
新老单炮,资料品质
新老单炮对比,数据处理;资料品质
新老资料,资料品质
新老资料对比,数据处理;试验设计;资料品质
方F4断层,地质任务
方F5断层,地质任务
方F8断层,地质任务
方位角,观测系统
方位角±36度,观测系统
方位角分布,观测系统
方位角属性,数据处理;观测系统
方山新井,工区情况;地质任务
方山煤矿,工区情况
方差体技术,数据处理
方形面积组合,接收设备
方斗山复背斜,地质任务
方法论证,试验设计
方箔网箱,工区情况;技术难点
施工任务书,施工组织
施工历时107天,施工组织
施工历时48天,施工组织
施工历时75天,施工组织
施工历时80天,施工组织
施工季节窗口,工区情况;施工组织
施工方案,施工组织;试验设计
施工窗口期,工区情况;施工组织
施工组织,施工组织
施工补偿协议,施工组织
施工设计,施工组织;试验设计
施工设计审查,施工组织;试验设计
施工质量,质量控制
施工边界拐点,测量定位;观测系统
施工难点,技术难点
施工面积,观测系统
施工面积边界,观测系统
旋耕机,技术难点;施工组织
无人区,工区情况;技术难点
无人机巡线,质量控制
无人机监控,质量控制
无煤区,地质任务
日效,施工组织
早触发晚触发,质量控制
时堰镇,工区情况
时间偏移,数据处理
时间剖面,数据处理;资料品质
时频分析,数据处理;资料品质
明心寺组,地质任务
明暗双旗,测量定位
星历预报,测量定位
曲率分析,数据处理
替换速度,数据处理;静校正
替换速度1700,静校正
最佳施工季节,工区情况;施工组织
最佳激发岩性,激发参数;表层调查
最佳激发深度,激发参数;表层调查
最大偏移距,测量定位;质量控制
最大同步环闭合差,测量定位;质量控制
最大异步环闭合差,测量定位;质量控制
最大最小水平主应力,地质任务
最大横偏,测量定位;质量控制
最大炮检距,观测系统
最大点位闭合差,测量定位
最大点位闭合差0.004,测量定位;质量控制
最大纵偏,测量定位;质量控制
最大钻井井深,激发参数
最大非纵距,观测系统
最大高程闭合差,测量定位
最大高程闭合差0.014,测量定位;质量控制
最大高程闭合差0.026,测量定位;质量控制
最小偏移原则,测量定位
最小炮检距,观测系统
最浅钻井深度,激发参数
最简异步环,测量定位
有利勘探目标,地质任务
有效反射,资料品质
有效波反射,资料品质
有效覆盖次数,质量控制
有效观测卫星数,测量定位
有效频带,数据处理;资料品质
有机碳含量,地质任务
有机质类型,地质任务
有线排列布设,质量控制
有线监控线,质量控制
有缆检波器,接收设备
朱仙庄煤矿,工区情况
机动恢复测量标志组,施工组织;测量定位
机械干扰,技术难点;质量控制;资料品质
机械振动干扰,技术难点
村庄,工区情况;技术难点
村镇建筑,工区情况;技术难点
束状观测系统,观测系统
束线,观测系统
束线号,观测系统
束线试生产,观测系统;试验设计
束线试验,观测系统;试验设计
束线试验工作量,试验设计
束线试验观测系统论证,观测系统;试验设计
杨氏模量,地质任务
松散表层,技术难点
板溪群,地质任务
极性反转,数据处理;质量控制
构造-岩性油藏,地质任务
构造位置,地质任务;工区情况
构造加密点,观测系统
构造圈闭,地质任务
构造解释,地质任务;数据处理
构造部位,试验设计
果勒2井,地质任务
查明断层,地质任务
查线,接收设备;质量控制
标准差,测量定位;质量控制
栖霞组,地质任务
桃园煤矿,工区情况
桐梓组,地质任务
桑柘坪向斜,地质任务;工区情况
桑柘坪向斜断裂特征,地质任务
桑柘坪向斜灰岩,地质任务
桥头镇,工区情况
桩号,观测系统
桩号编排,施工组织;测量定位;观测系统
梁垛镇,工区情况
梯子队,施工组织
检定证书,接收设备;质量控制
检查站,施工组织
检核点,测量定位
检波器,接收设备
检波器与大地耦合,接收设备
检波器型号,接收设备
检波器埋置,接收设备;质量控制
检波器埋置深度,接收设备
检波器对比试验,接收设备;试验设计
检波器挖坑,接收设备
检波器类型,接收设备
检波器组合,接收设备
检波器组合中心,接收设备
检波器组合接收,接收设备
检波器耦合,接收设备;质量控制;资料品质
检波器频率,接收设备
检波点,接收设备;观测系统
检波点二次测量,测量定位;质量控制
检波点偏移,测量定位;质量控制
检波点网格,观测系统
检波点边界坐标,观测系统
检波线距,观测系统
椭球高,测量定位
樊川次凹,工区情况
樊川镇,工区情况
模型法,静校正
模型法静校正,静校正
模拟检波器,接收设备
横偏,测量定位;质量控制
横向分辨率,数据处理;资料品质
横纵向分辨率,资料品质
横纵比,观测系统
横纵比0.72,观测系统
横纵比0.76,观测系统
横纵比0.816,观测系统
次生干扰,资料品质
次生灾害,技术难点
次级断裂成像,地质任务;技术对策
正井率,质量控制
正交观测系统,观测系统
正常时差校正,数据处理
正点率,测量定位;质量控制
正直紧静,接收设备;质量控制
死道,质量控制;资料品质
段试验,试验设计
比例误差系数,测量定位
比贯入阻力Ps,表层调查
民爆器材,施工组织
民爆物品,施工组织
民爆物品专项管理,施工组织
民爆物品管理细则,施工组织;质量控制
气候条件,工区情况
气候特征,工区情况
气囊推靠,表层调查
气枪震源,激发参数
气测全烃,地质任务
气藏开发,地质任务
水上钻井组,技术对策;施工组织
水下检波器,接收设备
水中检波器,工区情况;接收设备
水产养殖区,工区情况
水力隔挡,地质任务
水域,工区情况;技术难点
水域区,工区情况
水域施工,工区情况;施工组织
水平井,地质任务
水平井设计,地质任务
水平井轨迹设计,地质任务
水平叠加,数据处理
水平基准面,静校正
水检,接收设备
水泥标,测量定位
水泥桩,测量定位
水泥黄沙加固,测量定位
水系,工区情况
水网区,工区情况
水网区常非一体,工区情况;施工组织
水网区无线节点,接收设备
水网区高密度示范,工区情况;施工组织
水网城镇地表,工区情况
水网平原,工区情况
水陆交互带,工区情况
永久标志,测量定位
永安,工区情况;地质任务
永安高密度三维,工区情况
汉留断裂带,工区情况
江苏油田,工区情况;施工组织
汤庄镇,工区情况
汽车钻,施工组织;激发参数
汽车钻机,施工组织
沈伦镇,工区情况
沈高镇,工区情况
沙丘中部位,工区情况;试验设计
沙丘低部位,工区情况;技术难点;试验设计
沙丘呈沙垄状,工区情况
沙丘散射干扰,技术难点
沙丘相对高差,工区情况
沙丘背风面,工区情况;技术难点;接收设备
沙丘走向北东-南西向,工区情况
沙丘高大,工区情况
沙丘高部位,工区情况;技术难点;试验设计
沙尘暴,工区情况;技术难点
沙梁走向,工区情况
沙漠专用车,施工组织
沙漠公路,工区情况
沙漠区,工区情况
沙漠浮土区,工区情况;表层调查
沙漠腹地,工区情况
沙雅县,工区情况
沙雅隆起,地质任务;工区情况
沟谷切割剧烈,工区情况;技术难点
河流,工区情况
河流障碍,工区情况
河间平原,工区情况
油气管线,工区情况;技术难点
泊松比,地质任务
波场复杂,技术难点;资料品质
波场改造,技术难点
波场采样,观测系统
波组分辨率,资料品质
波组收敛度,资料品质
波组特征,资料品质
波组连续性,资料品质
波阻抗差异,资料品质
波阻抗界面,地质任务;资料品质
泥浆护井,表层调查
泥盆系,地质任务
泥质灰岩,地质任务
泥页岩,地质任务
泥页岩孔径分布,地质任务
泰东河,工区情况
泰州组,地质任务
洒水养路,施工组织
洗井,表层调查
流动中继站,测量定位
流动沙丘,工区情况
流动站,接收设备;测量定位
流沙,表层调查
浅层信噪比低,技术难点;资料品质
浅层地震地质条件复杂,技术难点
浅层数据完整性,技术对策;资料品质
浅层缺口,技术难点;资料品质
浅层覆盖次数,观测系统
浅水区,工区情况
浅水钻井,技术对策;施工组织
浅海相沉积,地质任务
浅表层条件复杂,技术难点
测线合格通知书,质量控制;资料品质
测线方向,观测系统
测线长度,测量定位;观测系统
测量仪器对比,测量定位;质量控制
测量仪器对比检测报告,质量控制;资料品质
测量副组长,施工组织
测量合格率,质量控制
测量员,施工组织
测量定位,测量定位
测量工序,施工组织
测量成果合格率,质量控制
测量成果质量统计簿,质量控制;资料品质
测量施工总结,施工组织;资料品质
测量施工设计,施工组织;试验设计;资料品质
测量标志,测量定位
测量班报,施工组织;资料品质
测量班长,施工组织;质量控制
测量监督,施工组织;质量控制
测量组长,施工组织
测量负责,施工组织;质量控制
测量资料归档清单,资料品质
测量资料验收意见书,质量控制;资料品质
浍河,工区情况
浮土区,工区情况;表层调查
浮沙地表,技术难点
浮点解,测量定位
海安凹陷,工区情况
海拔标高,工区情况
海拔高程,测量定位
海西早期不整合,地质任务
海西期,地质任务
海陆交互相,地质任务
海陆交替相,地质任务
涉爆作业,施工组织
淤泥质黏土,表层调查
淤溪镇,工区情况
淮北平原,工区情况
深井小药量,技术对策;激发参数;试验设计
深井小药量试验,激发参数;试验设计
深井激发,激发参数
深凹带,工区情况
深切割地形,工区情况;技术难点
深大断裂,地质任务
深层信噪比低,技术难点;资料品质
深层反射,资料品质
深层地震地质条件复杂,技术难点
深层弱反射,资料品质
深层成像,资料品质
深度偏移,数据处理
深水陆棚相,地质任务
深水陆棚相沉积,地质任务
清场小组,施工组织
清坑放置插实压线埋土,接收设备;质量控制
清虚洞组,地质任务
渗透率,地质任务
湄潭组,地质任务
湖泊,工区情况
湘鄂西断褶带,地质任务
源驱动,施工组织;激发参数
源驱动技术,施工组织;激发参数
溢流相顺层火山岩,技术难点
溱东镇,工区情况
溱湖湿地公园,工区情况
溱潼凹陷,工区情况
溱潼凹陷深凹带,工区情况
溱潼镇,工区情况
溶洞,技术难点
满加尔凹陷,工区情况
满加尔坳陷,工区情况
满叠加,观测系统
满叠点,测量定位;观测系统
满叠点埋设永久标志,测量定位
满叠面积,观测系统
满深1X井,地质任务
满覆盖,观测系统
满覆盖工作量,观测系统
满覆盖拐点,观测系统
满覆盖线束试验,试验设计
满覆盖边界,观测系统
满覆盖边界拐点,测量定位;观测系统
满覆盖部署区,地质任务;观测系统
满覆盖面积,地质任务;观测系统
滤面波档,数据处理;静校正
滴水潭断层,地质任务
漏炮,质量控制
潜水面,激发参数;表层调查
潜水面下激发,激发参数
潜水面下激发方式,激发参数
潜水面埋深,激发参数;表层调查
潜水面测量,表层调查
潜水面深度,表层调查
潜水面调查,表层调查
潜水面调查点,表层调查
激发井深,激发参数;试验设计
激发分区,激发参数
激发参数,激发参数
激发参数试验,激发参数;试验设计
激发因素,激发参数
激发因素试验,激发参数;试验设计
激发因素验证,激发参数;试验设计
激发子波差异,技术难点
激发孔深多变,技术难点
激发安全距离,激发参数;质量控制
激发岩性,激发参数
激发岩性优选,激发参数;表层调查
激发岩性调查,激发参数;表层调查
激发接收条件差,技术难点
激发方式,激发参数
激发时间间隔,激发参数;质量控制
激发时间间隔试验,激发参数;试验设计
激发深度,激发参数
激发点,观测系统
激发点号,观测系统
激发点线号,观测系统
激发点面积,观测系统
激发能量,激发参数;资料品质
激发药量,激发参数
火山岩屏蔽,技术难点
火山岩屏蔽作用,技术难点
火工品,施工组织
火成岩,地质任务
火成岩下弱反射,技术难点;资料品质
火成岩侵入,地质任务;技术难点
火成岩屏蔽,技术难点
火成岩窜层,技术难点
火成岩高陡窜层,技术难点
火灾控制措施,施工组织
灯影组,地质任务
灰岩出露,技术难点
灰岩区,地质任务;激发参数
灰质页岩,地质任务
炮密度,观测系统
炮排,观测系统
炮排总长度,观测系统
炮排数,观测系统
炮排距,观测系统
炮排长度,观测系统
炮检关系,数据处理;质量控制
炮检点,观测系统
炮检点优化,观测系统;试验设计
炮检点位置,质量控制
炮检点偏移,测量定位
炮检点均匀性,技术对策;质量控制
炮检点布设,施工组织;测量定位
炮检点布设困难,技术难点
炮检点放样,测量定位
炮检距,观测系统
炮检距分布,观测系统
炮检距叠加,数据处理
炮点,观测系统
炮点二次测量,测量定位;质量控制
炮点偏移,测量定位;质量控制
炮点网格,观测系统
炮点距,观测系统
炮点踏勘,施工组织;测量定位
炮点边界,观测系统
炮点边界坐标,观测系统
炮点重合区域,试验设计
炮线,观测系统
炮线清线小组,施工组织
炮线距,观测系统
炮补道,技术对策;质量控制
炮道密度180万道/km2,观测系统
炮道密度21万道/km2,观测系统
炮道密度240万道/km2,观测系统
炮道密度52万道/km2,观测系统
炸药激发,激发参数
炸药运输车,接收设备;施工组织
炸药量,激发参数
炸药震源,激发参数
点之记,测量定位
点位中心标志,测量定位
点位中误差,测量定位;质量控制
点位中误差Mx,测量定位;质量控制
点位中误差My,测量定位;质量控制
点位偏移,测量定位
点位布设困难,技术难点
点位精度,测量定位;质量控制
点位闭合差,测量定位;质量控制
点位预设计,技术对策
点号,观测系统
点校正,测量定位
点检波器,接收设备
点试验,试验设计
点试验工作,试验设计
点试验验收,试验设计;质量控制
点震源干扰,资料品质
烃源岩,地质任务
烟花爆竹干扰,技术难点
热演化程度,地质任务
焦页1井,地质任务
煤层厚度变化,地质任务
煤层厚度等值线,地质任务
煤层反射波,资料品质
煤层变薄带,地质任务
煤层底板标高,地质任务
煤层气,工区情况
煤层气地震勘探规范,质量控制
煤层空间分布,地质任务
煤层赋存形态,地质任务
煤田地震勘探规范,质量控制
煤矿巷道,工区情况;技术难点
煤矿采区三维地震勘探规范,质量控制
煤矿采空区,工区情况;技术难点
照明不足,技术难点;观测系统
照明分析,观测系统;试验设计
燃气管线,工区情况
燕山-喜山期,地质任务
燕山中期不整合,地质任务
燕山期,地质任务
爆炸杆,表层调查
爆炸物品,施工组织
爆破作业,施工组织
爆破安全规程,施工组织
爆破安全距离,激发参数
牛蹄塘组,地质任务
牛蹄塘组反射波组,地质任务
物探测量规范,质量控制
物理点,测量定位;观测系统
物理点复测,测量定位;质量控制
物理点复测检核,测量定位;质量控制
物理点平面坐标,测量定位
物理点总数,测量定位;观测系统
物理点总数297302,测量定位;观测系统
物理点总数306372,测量定位;观测系统
物理点总数36550,测量定位;观测系统
物理点成果簿,测量定位;资料品质
物理点放样,测量定位
物理点放样误差,测量定位;质量控制
物理点数,施工组织;测量定位
物理点桩号,测量定位
独立激发系统,激发参数
独立监控线,质量控制
玉尔吐斯组,地质任务
玉米,工区情况
玫瑰图,数据处理
环境噪声,技术难点
环境噪音,技术难点
环境噪音监控,质量控制
环境干扰,技术难点
环闭合差,测量定位;质量控制
现场分析会,质量控制
现场受控,质量控制
现场处理,数据处理;质量控制
现场处理剖面,数据处理
现场处理技术规程,数据处理;质量控制
现场实时监控,质量控制
现场监控,质量控制
现场监控剖面,数据处理;资料品质
现场监控剖面合格率,质量控制;资料品质
现场监控处理,数据处理;质量控制
现场监督,质量控制
现场监督评价,质量控制
现场补炮,激发参数;质量控制
现场解析含气量,地质任务
现打井现下药,技术对策;施工组织
珍珠冲组,地质任务
班组自检,质量控制
理论坐标,测量定位
理论设计炮点,施工组织;观测系统
瓦斯井,工区情况;技术难点
瓦斯管道,工区情况
甜点区,地质任务
甜点评价,地质任务
生产物理点,观测系统
生产监视记录,资料品质
生物屑灰岩,地质任务
甲方批复,施工组织;资料品质
甲方监督,质量控制
甲方终评,质量控制;资料品质
甲级率,质量控制
甲鱼塘,工区情况
电火花激发,表层调查
电火花激发表层结构调查,表层调查
电磁感应,技术难点
畸变值,激发参数;质量控制
疫情期间招工难度,技术难点;施工组织
白噪系数,数据处理
白垩系,地质任务
白甸镇,工区情况
皖北煤矿,工区情况
皮山三维,工区情况
皮论钻,施工组织;激发参数
盐城组,工区情况
盐城组砂砾岩,工区情况
盐碱地,工区情况
盐邵河,工区情况
盐靖高速,工区情况
监控剖面,数据处理;质量控制;资料品质
监控剖面合格率,质量控制
监控处理,数据处理
监控处理流程,数据处理
监控数据,数据处理;质量控制
监控线,数据处理
监控线大网格,质量控制
监控记录,质量控制
监督评价,质量控制;资料品质
监视记录,质量控制;资料品质
盖孜库木乡,工区情况
目的层,地质任务
目的层反射,资料品质
目的层埋藏深,地质任务;技术难点
直立断层,地质任务
直达波,数据处理;表层调查;资料品质
相位差,激发参数;质量控制
相对闭合差,测量定位;质量控制
相干体技术,数据处理
真武镇,工区情况
矢量化障碍物,技术对策;施工组织
石冷水组,地质任务
石子路,工区情况;施工组织
石柱复向斜,地质任务
石油物探测量成果验收标准,测量定位;质量控制
石油物探测量规范,测量定位;质量控制
石炭系,地质任务
石牛栏组,地质任务
砂姜黑土,工区情况
砂岩区,地质任务;激发参数
硅质页岩,地质任务
硝铵震源,激发参数
硝铵震源药柱,激发参数
确保接收效果,技术对策;质量控制
确保激发效果,技术对策;质量控制
确保点位精度,技术对策;测量定位;质量控制
碎屑岩,地质任务
碎屑岩薄储层,地质任务
碳质页岩,地质任务
碳酸盐岩,地质任务
碳酸盐岩夹碎屑岩,地质任务
碳酸盐岩缝洞型,地质任务
碳酸盐岩缝洞型储集体,地质任务
碳酸盐岩裸露区,技术难点
碳酸盐岩风化壳,地质任务
碳酸盐沉积建造,地质任务
磁带数据解编,数据处理
祁东煤矿,工区情况
祁南煤矿,工区情况
祝庄-边城三维,工区情况
禁炮区,激发参数;质量控制
禁炮范围,激发参数;质量控制
禁炮距离,施工组织;激发参数
空炮,质量控制;资料品质
空炮率,质量控制;资料品质
空道,资料品质
空间采样点,观测系统
突发事件应急组,施工组织
窄方位,观测系统
立体勘探,地质任务
第三系,地质任务
第四系,地质任务
第四系胶泥,工区情况
第四纪流动沙丘,工区情况
筇竹寺组,地质任务
粉土,表层调查
粉砂,表层调查
粉砂质页岩,地质任务
粉质黏土,表层调查
精细刻画,地质任务;数据处理
精细尽职调查,技术对策;施工组织
精细描述,地质任务;数据处理
精细激发试验,技术对策;试验设计
精细表层结构调查,技术对策;表层调查
精细解释,地质任务;数据处理
精细调查困难,技术难点
精细速度分析,技术对策;数据处理
精细预处理,技术对策;数据处理
系统点试验,试验设计
红柳包,工区情况
红色旗,测量定位
红色旗子,测量定位
红花园组,地质任务
约束平差,测量定位
纵偏,测量定位;质量控制
纵向分辨率,数据处理;资料品质
纵向排列3190-10-20-10-3190,观测系统
纵向排列3590-10-20-10-3590,观测系统
纵向排列方式,观测系统
纵向最大炮检距,观测系统
纵向最小炮检距,观测系统
线号,观测系统
线形组合,接收设备
线性内插,表层调查;静校正
线性动校检查,数据处理;质量控制
线性动校正,数据处理;质量控制
线性升频,激发参数
线性干扰,资料品质
线性扫描,激发参数
线性组合,接收设备
线性组合接收,接收设备
线束数,观测系统
线束滚动,观测系统
线束滚动距离,观测系统
线束状观测系统,观测系统
线束试生产工作量,观测系统;试验设计
线束试验,观测系统;试验设计
线束间滚动距离,观测系统
线监,接收设备;施工组织
线试验,试验设计
组内距,接收设备
组内高差,接收设备
组合个数,接收设备
组合中心,激发参数
组合井,激发参数
组合井数,激发参数
组合井激发,激发参数
组合参数,接收设备
组合图形,接收设备
组合基距,接收设备
组合接收,接收设备
组合检波,接收设备
组合试验,试验设计
组合面积最大化,接收设备
绕射归位,观测系统
绕射波,地质任务;技术难点;资料品质
绝对误差,测量定位;质量控制
综合评分,试验设计;质量控制
综合预测研究,地质任务;数据处理
绿洋湖养殖区,工区情况
绿色物探,技术对策
缝洞体,地质任务
缝洞型储层,地质任务
缝洞型储集体,地质任务
缝洞型圈闭,地质任务
网平差,测量定位
置道头,数据处理
群工组,施工组织
老龙窝断层,地质任务
考核点试验,试验设计
考核试验,试验设计
耦合谐振,技术难点
职工线监,接收设备;施工组织
联合采集,技术对策;激发参数
联束,观测系统
联束叠加,数据处理
联束叠加监控处理,数据处理
联束施工,施工组织
联测控制点数,测量定位
背景噪音,质量控制;资料品质
背景干扰,技术难点;质量控制;资料品质
背景测试,接收设备;质量控制
胜利分公司,施工组织
胜利物探院,施工组织
胜利罗家高密度三维,工区情况
胡杨林,工区情况
胶泥,表层调查
胶泥层,工区情况
能弱补炮,激发参数;质量控制
能见度,工区情况;技术难点
能量,资料品质
能量下传,技术难点;资料品质
能量与频率难兼顾,技术难点
能量分析,数据处理;试验设计;资料品质
能量屏蔽,技术难点
能量监控,质量控制;资料品质
能量衰减,技术难点;资料品质
能量衰减快,资料品质
能量衰减慢,资料品质
能量衰减稍慢,资料品质
脆性矿物含量,地质任务
膏盐岩,地质任务
自动充放气系统,接收设备;施工组织
自然条件,工区情况
航拍卫片,施工组织;测量定位
航拍测量小组,施工组织;测量定位
良里塔格组,地质任务
节点二次测量,测量定位;质量控制
节点仪,接收设备
节点切分,数据处理
节点回收率,接收设备;质量控制
节点埋置,接收设备
节点拍照监控,接收设备;质量控制
节点数据切分,数据处理
节点采集,接收设备;激发参数
芦岭湖,工区情况;技术难点
芦岭煤矿,工区情况
苏北探区,工区情况
苏北盆地,工区情况
英买21井三维,工区情况;技术难点
英买2井,地质任务
茅口组,地质任务
茅山镇,工区情况
草舍,工区情况;地质任务
草舍-台兴三维,工区情况
药包,激发参数
药库建设,施工组织
药柱,激发参数
药柱顶面深度,激发参数
药量,激发参数;试验设计
药量统计分析,激发参数
药量考核,试验设计
药量试验,激发参数;试验设计
药量难把握,技术难点
荻垛镇,工区情况
营地,施工组织
营地建设,施工组织
营地消毒,施工组织
落实构造特征,地质任务
落差小断层,地质任务;技术难点
蓝色旗,测量定位
蓝色旗子,测量定位
蕲东煤矿,工区情况
蕲南煤矿,工区情况
虚反射界面,激发参数;表层调查
虾塘,工区情况;技术难点
蚂蚁体属性,数据处理
蜂窝状沙丘,工区情况
蟹塘,工区情况;技术难点
行政隶属,工区情况
补充采集,技术对策
补炮,激发参数;质量控制
表层Q补偿,数据处理
表层仪,接收设备;表层调查
表层反演,表层调查
表层吸收,表层调查
表层吸收衰减,表层调查
表层吸收衰减Q值,表层调查
表层吸收衰减Q值调查,表层调查
表层地震地质条件,地质任务;表层调查
表层岩性,工区情况;表层调查
表层岩性变化,技术难点
表层岩性调查,表层调查
表层数据库,表层调查;静校正
表层模型,静校正
表层结构,表层调查
表层结构调查,表层调查
表层结构调查点,表层调查
表层调查,表层调查
表层调查合格率,质量控制
表层调查点,表层调查
表层调查资料,表层调查
表层调查资料合格率,质量控制
表层资料约束,静校正
表层资料约束+层析法,静校正
表层资料解释,表层调查;静校正
裂缝起裂,地质任务
裸岩区,技术难点
褶曲构造,地质任务
西北油田分公司,施工组织
西塘港,工区情况
西山盖,工区情况
西淝河,工区情况
覆盖次数,观测系统
覆盖次数20×12,观测系统
覆盖次数20×9,观测系统
覆盖次数低,技术难点;资料品质
覆盖次数加密,技术对策
覆盖次数对比,观测系统;试验设计
覆盖次数退化,数据处理
观测系统,观测系统
观测系统升级,技术对策;观测系统
观测系统定义,数据处理
观测系统正演,观测系统;试验设计
观测系统论证,观测系统;试验设计
规则干扰,技术难点
视频监控,质量控制
角度不整合,地质任务
解吸气含量,地质任务
解释工序,施工组织
触电控制措施,施工组织
警戒小组,施工组织;质量控制
警示标识,施工组织;质量控制
计算员,数据处理;施工组织
记录仪录像,施工组织;质量控制
记录格式,接收设备
记录格式SEG-D,接收设备
记录格式SEG-Y,接收设备
记录长度,接收设备
设备投入,施工组织
设备配备,施工组织
设站点,测量定位
设计坐标,测量定位
设计坐标较差,测量定位;质量控制
设计批复意见,施工组织;资料品质
设计满覆盖面积,观测系统
试验,试验设计
试验位置,试验设计
试验全过程,试验设计
试验内容,试验设计
试验单炮,试验设计
试验工作量,试验设计
试验总结,试验设计
试验报告,资料品质
试验方案,试验设计
试验方法,试验设计
试验炮,试验设计
试验点,试验设计
试验点S1,试验设计
试验点S2,试验设计
试验物理点,试验设计
试验由点到面,试验设计
试验目的,试验设计
试验确定,试验设计;技术对策
试验线,试验设计
试验结论,试验设计
试验考核,试验设计
试验记录,试验设计
试验设计,试验设计
试验设计审查,试验设计
试验资料,试验设计
试验资料分析,试验设计
试验项目,试验设计
诱发垮塌,技术难点
诸佛江悬崖,工区情况
调炮,技术对策;观测系统
谐波失真,技术难点
谱分解分析,数据处理
责任书,施工组织
质控,质量控制
质控员,质量控制
质检组,质量控制
质检组检查,质量控制
质量保证体系,质量控制
质量分析会,质量控制
质量分析会制度,质量控制
质量奖惩,质量控制
质量指标,质量控制
质量控制,质量控制
质量方针,质量控制
质量检查控制,质量控制
质量监控,质量控制
质量监督,质量控制
质量监督员,质量控制
质量目标,质量控制
质量管控方案,质量控制
质量管理,质量控制
质量管理体系,施工组织;质量控制
质量管理重点,质量控制
质量评价,质量控制
质量跟踪反馈,质量控制
质量过程控制,质量控制
质量风险识别,质量控制
贴泥饼,接收设备
资料品质综合评分,技术对策;试验设计
资料归档清单,资料品质
走滑断裂,地质任务
走滑断裂带,地质任务
起算点,测量定位
起跳干脆,质量控制;静校正
超高压线,工区情况
跃参区块,地质任务
跟班下药,施工组织
跨束考核,试验设计
跨滚考核,试验设计
路桥班,施工组织
踏勘,工区情况;施工组织;测量定位
车流干扰,技术难点
车载台,接收设备;施工组织
车载和手持电台,接收设备;施工组织
车载电台,施工组织
车辆干扰,技术难点
车辆投入,施工组织
转换三参数,测量定位
转移恢复,测量定位
轮台分部,施工组织
软泥,表层调查
较宽方位角,观测系统
辉绿岩,地质任务;技术难点
辉绿岩侵入,技术难点
辉绿岩窜层岩下成像,技术难点;资料品质
输电线路,技术难点
辛烷,激发参数
边界拐点坐标较差,测量定位;质量控制
边长相对精度,测量定位;质量控制
过程视频录制,激发参数;质量控制
过程跟踪,质量控制
近偏移距数据,观测系统;资料品质
近地表岩性套管取芯,表层调查
近地表建模,表层调查
近地表条件,表层调查
近地表结构,表层调查
近地表结构调查,表层调查
近地表资料,表层调查
近排列,资料品质
近道观测,表层调查
远排列对比,资料品质
远道观测,表层调查
连井剖面,数据处理;表层调查
连续性,资料品质
迷路控制措施,施工组织
追溯,施工组织;质量控制
退化分析,数据处理
退化单炮,试验设计;资料品质
退化对比,数据处理
适时调整施工方案,技术对策
逐区段设计,激发参数
逐点井深设计,激发参数;质量控制
逐点检查,数据处理;质量控制
逐点设计,激发参数
逐点设计井深,技术对策;试验设计
逐点设计药量,技术对策
逐点逐区段设计,技术对策;激发参数
通源断裂,地质任务
通讯中继,施工组织
通讯光缆,工区情况;技术难点
通讯网络,施工组织
速度分析,数据处理;静校正
速度反转,表层调查
速度扫描,数据处理
速度检波器,接收设备
速度谱,数据处理
速度谱分析,数据处理
道一致性测试,接收设备;质量控制
道密度,观测系统
道真向斜,地质任务;工区情况
道距,观测系统
道路,工区情况;技术难点
道路交通安全法,施工组织
道间距,观测系统
道集,数据处理
遥爆系统,接收设备;激发参数
避高就低,激发参数
邵伯镇,工区情况
邻队协调,技术对策;施工组织
采样均匀性,技术对策
采样密度,观测系统
采样率,接收设备
采样间隔,接收设备
采油机,工区情况
采油机干扰,技术难点
采空区,工区情况;技术难点
采空塌陷区,工区情况;技术难点
采集处理解释一体化,技术对策;数据处理
采集脚印,技术难点;观测系统
采集足迹,技术难点;观测系统
重复基线,测量定位;质量控制
重复基线个数,测量定位
重复基线最大较差0.023,测量定位;质量控制
重复基线较差,测量定位;质量控制
重复检波线,观测系统
重庆市彭水,工区情况
重炮,激发参数;质量控制
重炮干扰,技术难点;质量控制
重点干扰源协停,技术对策;施工组织
重锤干扰,技术难点
重锤敲击,表层调查
重震,激发参数;质量控制
野外作业,施工组织
野外地震队,施工组织
野外平差,测量定位
野外放样,施工组织;测量定位
野外生存知识培训,施工组织
野外调查小组,施工组织
野外采集,施工组织
野外静校正,静校正
野外高程静校正,静校正
量化分析,质量控制;资料品质
量化分析监控,质量控制
金湖凹陷,工区情况
金顶山组,地质任务
针对性技术对策,技术对策
针对性激发试验,技术对策;试验设计
针对性采空区管控,技术对策
钢筋顶端刻划十字,测量定位
钻井,施工组织
钻井井深,激发参数
钻井井筒,激发参数
钻井任务书,质量控制
钻井作业,施工组织;激发参数
钻井作业干扰,工区情况;技术难点
钻井岩性录井,激发参数;表层调查
钻井岩性调查,激发参数;表层调查
钻井工序,施工组织
钻井点位,施工组织;测量定位
钻井设备,施工组织
钻井设计,激发参数
钻井质量,激发参数;质量控制
钻井质量监控,激发参数;质量控制
钻井遇到垮井,技术难点;激发参数
钻井遇溶洞,技术难点;激发参数
钻后二次测量,测量定位;质量控制
钻探目标,地质任务
钻机,施工组织
铁箱填土夯实法,接收设备
铁路,工区情况
铁路干扰,工区情况;技术难点
铁锹挖坑,接收设备
铅直垂钻,激发参数;质量控制
锥尖阻力qc,表层调查
镶边,观测系统
镶边范围,观测系统
长兴组,地质任务
长排列,观测系统
闷井,激发参数;质量控制
闷井激发,激发参数
阜三段,地质任务
阜二段,地质任务
阜四段,地质任务
阜宁组,地质任务;工区情况
队伍配备,施工组织
防CO中毒,施工组织
防不正常道,接收设备;质量控制
防井斜,激发参数;质量控制
防寒保暖,施工组织
防水检波器,接收设备
防浮卡,激发参数
防浮帽,激发参数;质量控制
阶梯式药量设计,激发参数
阿东三维,地质任务;工区情况
阿克苏地区,工区情况
阿克苏地区沙雅县,工区情况
阿瓦塔格组,地质任务
阿瓦提-满加尔斜坡,地质任务;工区情况
阿瓦提坳陷,地质任务;工区情况
阿瓦提断陷,工区情况
陆上石油地震资料采集技术规范,质量控制
陆上石油物探测量与定位技术规范,测量定位
陆检,接收设备
陆用压电检波器,接收设备
陈堡镇,工区情况
降低噪音干扰,技术对策;质量控制
降速层,表层调查;静校正
降速层速度,表层调查
限偏移距,观测系统;资料品质
限大炮检距,观测系统;试验设计
限小炮检距,观测系统;试验设计
陡坎,工区情况;技术难点
陡坡寺组,地质任务
陡山沱组,地质任务
陶庄镇,工区情况
陷落柱,地质任务;技术难点
随机干扰,技术难点;资料品质
随钻下药,施工组织;激发参数
随钻下药模式,施工组织
隐伏断裂,地质任务
隐患排查治理,施工组织
障碍区,工区情况;技术难点
障碍普查,施工组织
障碍物,工区情况;技术难点
障碍精查,施工组织
障碍详查,施工组织
集中放炮,施工组织;激发参数
雨天山路湿滑,工区情况;技术难点
雨季,工区情况
雪峰构造,地质任务
雪峰隆起,地质任务
零相位反褶积,数据处理
雷口坡组,地质任务
雷管,激发参数
雷管激发,激发参数;表层调查
震前状态预判,质量控制
震动台次,激发参数
震动台次试验,激发参数;试验设计
震后成果验收,质量控制
震旦系,地质任务
震源DGPS,测量定位;激发参数
震源井炮联合,技术对策;激发参数
震源台数,激发参数
震源属性,激发参数;质量控制
震源斜坡,激发参数
震源点试验,试验设计
震源组合,激发参数
震源车,接收设备;激发参数
震源间距,激发参数
青浦三维,工区情况
静力触探,表层调查
静态值,测量定位
静态定位,测量定位
静态检核,测量定位
静态测量,测量定位
静态联测,测量定位
静态观测,测量定位
静态载波相位差定位,测量定位
静校正,静校正
静校正方法,静校正
静校正耦合效果,静校正
静校正计算方法,静校正
静校正量,静校正
静校闭合,静校正
静水面,表层调查
静水面测量,表层调查;静校正
静水面调查,表层调查
静水面调查点,表层调查
非线性扫描,激发参数
面元,观测系统
面元大小,观测系统
面元尺寸,观测系统
面元属性,观测系统
面元细分,技术对策;观测系统
面波,技术难点;资料品质
面波压制,接收设备;数据处理
面波干扰,技术难点
面积组合,接收设备
韩家店组,地质任务
页岩区,地质任务;激发参数
页岩展布特征,地质任务
页岩气,地质任务
页岩气勘探,地质任务
页岩气富集,地质任务
页岩气甜点,地质任务
页岩气藏,地质任务
页岩气藏地震地质模型,地质任务
页岩油,地质任务
页岩油甜点,地质任务
页岩空间展布规律,地质任务
顶切法,数据处理
项目攻关,试验设计
项目管理,施工组织
项目经理,施工组织
项目负责,施工组织
项目运行计划,施工组织
顺1井三维,工区情况
顺4井张扭破碎带,地质任务
顺6井,地质任务
顺6井三维,地质任务;工区情况
顺7井,地质任务
顺8井,地质任务
顺8井北,工区情况;地质任务
顺8井北三维,工区情况
顺8井区可控震源宽频高效三维,观测系统
顺中,工区情况;地质任务
顺中2期Ⅱ标段,试验设计
顺中三维,地质任务;工区情况
顺中三维二期,工区情况
顺北1-1H井,地质任务
顺北10号带,工区情况
顺北1井,地质任务
顺北1号断裂带,地质任务
顺北21,工区情况;地质任务
顺北21井区,工区情况
顺北21井区三维,工区情况
顺北21斜井,工区情况
顺北2号断裂带,地质任务
顺北41井,地质任务
顺北41井三维试验,地质任务;试验设计
顺北41井北三维,工区情况
顺北42井,地质任务
顺北42井东,地质任务;工区情况
顺北42井东三维,地质任务;工区情况
顺北43井,地质任务;工区情况
顺北43井东,地质任务;工区情况
顺北43井东三维,地质任务;工区情况
顺北4X井,地质任务
顺北4井,地质任务;工区情况
顺北4井南三维,工区情况
顺北4号断裂带,地质任务
顺北53井,工区情况
顺北56井西三维,地质任务;工区情况
顺北57井西三维,工区情况
顺北5号断裂带,地质任务
顺北5号走滑断裂,地质任务
顺北81X井,地质任务
顺北8号断裂带,地质任务
顺北三维,工区情况
顺北中试,工区情况
顺北区块,工区情况
顺北至塔中柏油路,工区情况
顺北路,工区情况
顺南1井,地质任务
顺南4井,地质任务
顺南5井,地质任务
顺托1井,地质任务
顺托果勒,工区情况
顺托果勒低缓构造带,工区情况
顺托果勒低隆起,地质任务;工区情况
顺托果勒北区块,地质任务;工区情况
顺托果勒区块,地质任务;工区情况
顺托果勒沙漠区,工区情况
顺托果勒西区块,地质任务;工区情况
顺西1井,地质任务
须家河组,地质任务
顾桥煤矿,工区情况
预处理,数据处理
预测反褶积,数据处理
预测步长,数据处理
预测距离,数据处理
预滤波,数据处理
预设计,技术对策;施工组织
频宽,资料品质
频带,资料品质
频带分析,数据处理;资料品质
频带宽,资料品质
频带宽度,资料品质
频率分析,数据处理;试验设计
频谱,资料品质
频谱分析,数据处理;试验设计;资料品质
风动干扰,质量控制;资料品质
风化壳岩溶储集体,地质任务
风后补测,测量定位;质量控制
风噪,技术难点
风噪干扰,技术难点;资料品质
风噪监控,质量控制
风季,工区情况;技术难点
风季作业,技术难点;施工组织
风季施工,工区情况;施工组织
风季质量管控,施工组织;质量控制
风季质量管控执行小组,施工组织;质量控制
风季质量管控领导小组,施工组织;质量控制
风沙天气,工区情况;技术难点
风险评价,施工组织
食物中毒控制措施,施工组织
首级GPS网,测量定位
首级控制点,测量定位
驱动幅度,激发参数
驱动幅度试验,激发参数;试验设计
驻队医师,施工组织
驻队监督,质量控制
验证微测井,表层调查
高低频分别处理,技术对策;数据处理
高分辨率,资料品质
高分辨率三维勘探,技术对策
高分辨率处理,技术对策;数据处理
高压电干扰,工区情况
高压电线,技术难点
高压线,工区情况;技术难点
高大山区,工区情况;技术难点
高大悬崖,工区情况
高大沙丘,工区情况;技术难点
高大沙丘部位,试验设计
高密度三维,地质任务;技术对策;观测系统
高密度三维勘探,技术对策
高密度地震采集,观测系统
高密度炸药,激发参数
高密度硝铵炸药,激发参数
高密度硝铵震源药柱,激发参数
高密度药柱,激发参数
高密度观测系统,观测系统
高密度采集示范,施工组织
高密度高爆速炸药,激发参数
高截频率,接收设备
高斯-克吕格,测量定位
高斯-克吕格投影,测量定位
高斯克吕格投影,测量定位
高斯正形投影,测量定位
高清航测影像,施工组织;测量定位
高灵敏度加速度检波器,技术对策;接收设备
高灵敏度检波器,接收设备
高炮道密度,观测系统
高爆速炸药,激发参数
高程,工区情况
高程中误差,测量定位;质量控制
高程中误差Mh,测量定位;质量控制
高程之差,测量定位;质量控制
高程差异,测量定位;质量控制
高程异常,测量定位
高程异常拾取,测量定位
高程拟合,测量定位
高程改化,测量定位
高程改正,测量定位
高程系,测量定位
高程系统,测量定位
高程闭合差,测量定位;质量控制
高程静校正,静校正
高精度三维,观测系统
高精度静校正,静校正
高精度风速仪,接收设备;质量控制
高覆盖,技术对策;观测系统
高覆盖次数,观测系统
高速公路,工区情况;技术难点
高速公路干扰,技术难点
高速层,表层调查;静校正
高速层速度,表层调查
高速层顶,表层调查
高速层顶界面,激发参数;表层调查;静校正
高速顶,表层调查
高邮凹陷,工区情况
高邮凹陷深凹带,工区情况
高邮北斜坡,工区情况
高陡地段,地质任务;技术难点
高陡部位,地质任务;技术难点
高频信号,资料品质
高频信息吸收衰减,技术难点
高频吸收衰减,技术难点
高频微震,技术难点
高频数据体,数据处理
高频段,资料品质
高频段信号,激发参数;资料品质
鱼塘,工区情况;技术难点
鲕灰岩,地质任务
鹰山组,地质任务
鹿场三维,工区情况;技术难点
黄土夹姜石,工区情况;技术难点
黄土层,工区情况;技术难点
黄土覆盖区,工区情况;技术难点
黄胶泥,表层调查
黏土,表层调查
黑三角噪音,技术难点;资料品质
黑色页岩,地质任务
黔浅1井,地质任务
齐岳山断裂,地质任务
龙潭组,地质任务
龙马溪组,地质任务
龙马溪组反射波组,地质任务
